新媒体 ,创新 
新媒体,直播 
新媒体,短视频 
新媒体,高校研究 
高校研究 ,教育 
新媒体,意识形态 
媒介化,农村研究 
新媒体,公共文化 
新媒体,影响力 
政治传播 ,另类 
时尚 ,新媒体
直播 ,编辑 
大学生 ,意识形态 
新媒体,高校研究 
游戏理论 ,新媒体
新媒体,短视频 
营销 ,新媒体
跨界 ,公共文化 
公共事件 ,新媒体
新媒体,信息技术 
新媒体,农村研究 
扶贫 ,新媒体
期刊 ,新媒体
新媒体,公共文化 
新媒体,传统媒体 
短视频 ,新媒体
传统媒体 ,新媒体
公共事件 ,舆论研究 
新媒体,高校研究 
公共文化 ,新媒体
新媒体,传统文化 
新媒体,意识形态 
期刊 ,新媒体
高校研究 ,营销 
博物馆,公共文化
新冠疫情,系统功能语言学
新冠疫情,挑战
信息技术,未成年人
新媒体,城市形象
新媒体,公共文化
代际反哺,公共文化
新媒体,纪录片
快闪,图书宣传
期刊,出版
新媒体,高校研究
新媒体,教育
大学生,意识形态
新媒体,传统媒体
新媒体,意识形态
新媒体,佛系
新时代,传统文化
新媒体,受众
新媒体,食用菌
新媒体,公共文化
期刊,集群化
动态图形,景观
出版,新媒体
新媒体,高校研究
网络文化,内容生产
UGC,内容生产
新媒体,电视剧
电影,新媒体
新媒体,VR
新媒体,教育
政治传播,治理
新媒体,高校研究
未成年人,图书宣传
新媒体,大学生
审计,关联交易
新媒体,大学生
智媒体,新媒体
变革,传统媒体
舆论研究,队伍建设
营销,新媒体
出版,传统媒体
动物学,新媒体
新媒体,传统文化
新媒体,高校研究
新媒体,意识形态
新媒体,大学生
大学生,就业
直播 ,新媒体
新媒体,扶贫
新媒体,意识形态
新媒体,国家形象
中国科学院,新媒体
新媒体,意识形态
传统文化,新媒体
新媒体,意识形态
新媒体,舆论研究 
新媒体,新闻客户端
新媒体,年鉴
新媒体,大学生
新媒体,媒体融合
新媒体,传统文化
新媒体,创新 
新媒体,低俗化
新媒体,传统媒体
新媒体,图书宣传
新媒体,中国共产党
新媒体,信息监管
新媒体,微信公众号
新媒体,动画
新媒体,传统文化
新媒体,微信
新媒体,传统文化
新媒体,信息碎片化
新媒体,互联网
新媒体,历史虚无主义
新媒体,艺术
新媒体,媒体传播
新媒体,危机管理
新媒体,高校研究
新媒体,云展览
新媒体,转播权
新媒体,少数民族
新媒体,媒体融合
新媒体,媒介素养
新媒体,电影
新媒体,电影
新媒体,海外传播
新媒体,旅游节目
新媒体,内容生产
新媒体,网络文化
新媒体,艺术
新媒体,传统文化
新媒体,现实问题
新媒体,高校研究
新媒体,体育
新媒体,短视频 
新媒体,传统文化
新媒体,媒体融合
新媒体,视觉传达
新媒体,纪录片
新媒体,公信力
新媒体,短视频 
新媒体,公共文化
新媒体,媒体传播
新媒体,期刊
新媒体,艺术
新媒体,广告
新媒体,传播策略
新媒体,公益
新媒体,设计
新媒体,电视节目
新媒体,传统文化
新媒体,媒体传播
新媒体,内容生产
新媒体,直播 
新媒体,政治
新媒体,期刊
新媒体,广告
新媒体,体育
新媒体,媒体融合
新媒体,艺术
新媒体,教育
新媒体,阶层固化
数字阅读,新媒体
新媒体,期刊
期刊,全媒体
公共文化 ,新媒体
群体极化,社会流瀑
新冠疫情,主流媒体
新媒体,档案
新媒体,意识形态
传统文化,文化符号
日常生活化,政治传播
新媒体,数字技术
品牌研究,新媒体
网络文化,平等权
公共文化 ,传统文化
新媒体,高校研究
新闻传播理论,新媒体
5G,广播电视
新媒体,媒体融合
出版业,高质量发展
表情包,新媒体
城市书展,新媒体
新媒体,数字身份
川剧,新媒体
新媒体,高校研究
大数据,新媒体
新媒体,意识形态
新媒体,高校研究
思政教育,新媒体
公共文化 ,新媒体
父母干预,新媒体
新媒体,大学生
传统媒体,新媒体
传统媒体,上海机器织布局
新媒体,野生食用菌
传统文化,新媒体
新媒体,数字阅读
期刊,微信
期刊,新媒体
新媒体,网络文化
新媒体,新诗
企业社会责任,信息披露
新媒体,大学生
新媒体,传统媒体
新媒体,新冠疫情
参与式治理,演化博弈
未成年人,媒体融合
高校研究 ,新媒体
新媒体,媒体融合
期刊,新媒体
期刊,微信
品牌研究,互联网
新媒体,影响
审美,传统媒体
新媒体,传统文化
新媒体,意识形态
灾害感知,信息扩散
新媒体,标志动态设计
健康科普,健康科普
新媒体,体育
新媒体,中国共产党
数字化,新媒体
食用菌,新媒体
健康科普,新媒体
新媒体,公益传播
新媒体,网络文化
新媒体,在线活动
健康科普,新媒体
网络教育,新媒体
全媒体,广播电视台
新媒体,新闻评论
科研支持服务,图书馆
新媒体,媒体素养
传统文化,新媒体
消费社会,新媒体
数字反哺,家庭
新媒体,诠释包裹
民族主义,新媒体
新媒体,话语权
新媒体,新闻传播
体育,新媒体
舆论研究,传播疏导
传统媒体,媒体融合
互联网,新媒体
新媒体,图书宣传
新媒体,视觉传达
新媒体,聚合新闻
新媒体,大学生
新媒体,赋权
美国中部地区,华文媒体
舆论研究,新媒体
期刊,新媒体
期刊,推送
马克思主义理论学科,新媒体
新媒体,大学生
互联网,动画
新媒体,刑满释放人员
新媒体,大学生
新媒体,社会思潮
全媒体,新媒体
新媒体,农村研究 
舆论研究,治理
期刊,数字化
期刊,新媒体
新媒体,推送
粉丝,互联网
新媒体,智库信息传播
雄安新区,新媒体
新媒体,生态
新媒体,微纪录片
新媒体,蹭热点
新媒体,互联网
新媒体,新媒体专业
新媒体,公信力
新媒体,浙江省
新媒体,技术逻辑
新媒体,高校研究
新媒体,意识形态
大学生,膳食营养
新媒体,话语权
意识形态,新媒体
新媒体,图书宣传
品牌研究,互黑
微博,新媒体
微语义场,新媒体
新媒体,科技传播
新媒体,发展困境
新冠疫情,社会心态
新媒体,体育
期刊,媒体工作者
期刊,出版
新媒体,编辑
新媒体,媒体融合
新媒体,健康科普
图书宣传,线上线下融合
公共文化,亚文化
经验,传统媒体
公共文化 ,传统媒体
纪录片生产,新媒体
大学生,新媒体
新媒体 ,意识形态 
新媒体,传统文化 
新媒体,图书宣传 
高校研究 ,新媒体
新媒体,传播策略 
媒介化,新媒体
新媒体,传统媒体 
政治传播 ,新媒体
时尚 ,信息技术 
直播 ,营销 
大学生 ,新媒体
新媒体,意识形态 
游戏理论 ,图书宣传 
新媒体,深度伪造 
营销 ,微信 
跨界 ,交互 
公共事件 ,舆论研究 
新媒体,传播策略 
新媒体,信息技术 
扶贫 ,舆论研究 
期刊 ,媒体融合 
新媒体,学科建设 
新媒体,交互 
短视频 ,传统媒体 
传统媒体 ,短视频 
公共事件 ,新媒体
新媒体,意识形态 
公共文化 ,交互 
新媒体,话语权 
新媒体,挑战 
期刊 ,问卷调查 
高校研究 ,新媒体
博物馆,新媒体
新冠疫情,话语权 
新冠疫情,思考
信息技术,教育
新媒体,短视频
新媒体,弥散
代际反哺,新媒体
新媒体,突围
快闪,图书宣传
期刊,出版
新媒体,图书宣传
新媒体,意识形态
大学生,新媒体
新媒体,舆论研究
新媒体,新特点
新媒体,心理
新时代,新媒体
新媒体,知识图谱
新媒体,营销
新媒体,价值
期刊,新媒体
动态图形,方案阐述
出版,涵化理论
新媒体,全媒体
网络文化,新媒体
UGC,新媒体
新媒体,营销
电影,营销
新媒体,电影
新媒体,电影
政治传播,传统媒体
新媒体,舆论研究
未成年人,新媒体
新媒体,数字化
审计,IPO
新媒体,主流媒体
智媒体,融合发展
变革,电视
舆论研究,新媒体
营销,时尚
出版,新媒体
动物学,改革
新媒体,传播策略
新媒体,大学生
新媒体,政治
新媒体,尺度
大学生,新媒体
直播 ,新冠疫情
新媒体,现实问题
新媒体,话语权 
新媒体,整合传播
中国科学院,微信 
新媒体,现实问题
传统文化,互联网
新媒体,传统文化 
新媒体,媒体分析
新媒体,媒体融合 
新媒体,创新
新媒体,舆论研究
新媒体,媒体推广
新媒体,短视频
新媒体,意识形态
新媒体,道德重构
新媒体,媒体融合 
新媒体,头条
新媒体,高校研究
新媒体,平台型媒体
新媒体,教育
新媒体,跨文化
新媒体,创新
新媒体,期刊
新媒体,创新
新媒体,意识形态
新媒体,营销
新媒体,大学生
新媒体,桦树
新媒体,时空观
新媒体,方案阐述
新媒体,政治传播
新媒体,博物馆
新媒体,价值创造
新媒体,高校研究
新媒体,传统媒体
新媒体,教育
新媒体,农村研究
新媒体,媒介技术
新媒体,法语频道
新媒体,创新
新媒体,中国新闻奖
新媒体,作家
新媒体,互联网
新媒体,海外传播
新媒体,政治
新媒体,内容生产
新媒体,媒介技术
新媒体,图书宣传
新媒体,数字化
新媒体,培养模式
新媒体,电影
新媒体,微信 
新媒体,营销
新媒体,社会情感
新媒体,创新
新媒体,互联网
新媒体,审美
新媒体,互联网
新媒体,网络文化
新媒体,设计
新媒体,品牌研究
新媒体,话语权 
新媒体,微信
新媒体,科学普及
新媒体,全民阅读
新媒体,传统媒体
新媒体,互联网
新媒体,媒体融合 
新媒体,运营
新媒体,平台
新媒体,人才
新媒体,互联网
新媒体,创业
新媒体,舆论研究
数字阅读,阅读推广
新媒体,健康科普
期刊,新媒体
公共文化 ,产品开发
群体极化,新媒体
新冠疫情,新媒体
新媒体,收集
新媒体,挑战及应对
传统文化,新媒体
日常生活化,新媒体
新媒体,动态影像
品牌研究,微信
网络文化,新媒体
公共文化 ,边界对象
新媒体,舆论研究
新闻传播理论,新闻传播研究
5G,新媒体
新媒体,正能量
出版业,5G
表情包,符号学
城市书展,5W模式
新媒体,外语学习
川剧,传播策略
新媒体,教育
大数据,科学普及
新媒体,意识形态
思政教育,高校研究
公共文化 ,品牌研究
父母干预,未成年人
新媒体,文化自信
传统媒体,媒介化
传统媒体,洋务运动
新媒体,渠道
传统文化,传播路径
新媒体,5G
期刊,新媒体
期刊,期刊转型发展
新媒体,创作自由
新媒体,诗性创作
企业社会责任,归因理论
新媒体,意识形态
新媒体,明星机制
新媒体,互联网
参与式治理,仿真分析
未成年人,新媒体
高校研究 ,“沈农思政”
新媒体,转型
期刊,健康科普
期刊,新媒体
品牌研究,营销 
新媒体,传统文化 
审美,新媒体
新媒体,传播策略
新媒体,传播策略
灾害感知,时空分异
新媒体,动态图形设计
健康科普,新媒体
新媒体,发展困境
新媒体,语用特征
数字化,创作者
食用菌,营销渠道
健康科普,健康科普
新媒体,蚂蚁森林
新媒体,叙事特征
新媒体,行为
健康科普,新冠疫情
网络教育,行为
全媒体,教育
新媒体,《新京报快评》
科研支持服务,高校研究
新媒体,自我效能感
传统文化,传播策略
消费社会,审美异化
数字反哺,关系
新媒体,情感
民族主义,网络文化
新媒体,家庭伦理
新媒体,机制创新
体育,奥运
舆论研究,新媒体
传统媒体,跨国企业
互联网,期刊
新媒体,场景
新媒体,视觉信息
新媒体,科技传播
新媒体,教育
新媒体,消费者增权
美国中部地区,新媒体
舆论研究,雾霾报道
期刊,科技传播
期刊,专题
马克思主义理论学科,影响力
新媒体,文化认同
互联网,传播策略
新媒体,健康科普
新媒体,意识形态
新媒体,大学生
全媒体,周口广播电视台
新媒体,治理主体
舆论研究,新冠疫情
期刊,新媒体
期刊,评价
新媒体,供需协调
粉丝,新媒体
新媒体,评价指标
雄安新区,对外传播
新媒体,纪录片理论
新媒体,传播
新媒体,公共价值
新媒体,舆论研究
新媒体,传统媒体
新媒体,融媒体中心
新媒体,生态
新媒体,意识形态
新媒体,大学生
大学生,新媒体
新媒体,大学生
意识形态,高校研究
新媒体,媒体互动
品牌研究,媒体互动
微博,持续使用
微语义场,短视频
新媒体,评价指标
新媒体,传播政治经济学
新冠疫情,新媒体
新媒体,传播机制
期刊,传统媒体
期刊,微信
新媒体,政治职能
新媒体,聚合传播
新媒体,关系
图书宣传,关系
公共文化,新媒体
经验,新媒体
公共文化 ,短视频
纪录片生产,传播路径
大学生,微信
新媒体 ,中国共产党 
新媒体,纪录片 
媒介化,赋能 
直播 ,新媒体
新媒体,话语权 
新媒体,信任危机 
营销 ,国际图联 
跨界 ,新媒体
公共事件 ,传播策略 
新媒体,关系 
新媒体,扎根理论 
扶贫 ,电子商务 
期刊 ,渠道研究 
新媒体,教育 
新媒体,养老 
短视频 ,互联网 
传统媒体 ,媒体融合 
新媒体,话语权 
新媒体,体育 
新媒体,应对 
期刊 ,创新 
高校研究 ,渠道研究
博物馆,微博
新冠疫情,交互
新冠疫情,新媒体
信息技术,传统媒体
新媒体,《广东一分钟》
新媒体,融合媒体
快闪,新媒体
期刊,新媒体
新媒体,现实问题
新媒体,挑战
新媒体,价值
新时代,融合媒体
新媒体,渠道研究
新媒体,功能对象
期刊,知识服务
动态图形,新媒体
新媒体,教育
UGC,数字劳工
新媒体,盈利
新媒体,体验
政治传播,新媒体
新媒体,图书宣传
新媒体,中国态度
变革,新媒体
舆论研究,变革
营销,UGC
出版,认知迭代
动物学,问卷调查
新媒体,马来西亚
直播 ,学术
新媒体,对策
中国科学院,微博
新媒体,期刊
新媒体,教育
新媒体,媒体互动
新媒体,图书馆
新媒体,媒体融合 
新媒体,媒体互动
新媒体,互联网 
新媒体,传播策略 
新媒体,传播策略
新媒体,教育
新媒体,场景化
新媒体, 媒体传播
新媒体,媒体实现
新媒体,政治传播
新媒体,互联网 
新媒体,文化保护
新媒体,创新 
新媒体,叙事
新媒体,内容生产
新媒体,教育
新媒体,传播策略
新媒体,中介效应
新媒体,创新
新媒体,创新
新媒体,服务机制
新媒体,产业
新媒体,创新
新媒体,数字化
新媒体,媒体融合
新媒体,媒体传播
新媒体,创新
新媒体,新冠疫情
新媒体,旅游
新媒体,定性分析
新媒体,媒体融合
新媒体,平台
新媒体,大数据
新媒体,互联网 
新媒体,话语权 
新媒体,自媒体
期刊,品牌研究
公共文化 ,传统文化
群体极化,信息茧房
新冠疫情,信息呈现
日常生活化,新时代
新媒体,本体
品牌研究,新华社
网络文化,权力
公共文化 ,平台
新媒体,公共事件
5G,硬核
新媒体,公共事件
出版业,大数据
表情包,拟在场
城市书展,传播体系
新媒体,意识形态
大数据,分类分析
思政教育,意识形态
公共文化 ,产品开发
父母干预,青少年
新媒体,时代价值
传统媒体,竞合框架
传统媒体,新媒体
新媒体,营销
新媒体,编辑
期刊,阅读习惯
新媒体,艺术
新媒体,媒介化
企业社会责任,解释水平理论
新媒体,偶像选秀节目
参与式治理,信息管理
未成年人,时代表达
高校研究 ,微信
新媒体,传统媒体
期刊,传播策略
期刊,影响力
品牌研究,互联网
新媒体,文化自信
灾害感知,新媒体
健康科普,微信
新媒体,传播策略
食用菌,网络文化
健康科普,结构方程模型
新媒体,意见领袖
新媒体,标签
健康科普,公共事件
全媒体,融合发展
科研支持服务,新媒体
新媒体,评价指标
数字反哺,新媒体
民族主义,变异
新媒体,文化传承
体育,公共文化
传统媒体,新媒体
新媒体,媒介素养
新媒体,图像
新媒体,技术赋权
美国中部地区,挑战
舆论研究,科学信息
期刊,科学普及
期刊,新媒体
马克思主义理论学科,大数据
新媒体,文化自信
互联网,产业链
全媒体,直播
新媒体,治理
舆论研究,新媒体
期刊,《柳叶刀》
期刊,引文
新媒体,出版
新媒体,模糊DEA
新媒体,边界
新媒体,法律伦理
新媒体,媒体融合
新媒体,新媒体专业
新媒体,研究述评
新媒体,传播策略
新媒体,传播策略
意识形态,安全维护
品牌研究,拟人化
微博,沉浸理论
微语义场,《中国一分钟》
新媒体,微信
新媒体,人文价值
新冠疫情,情感
新媒体,传统文化
期刊,新媒体
期刊,新媒体
新媒体,学术职能
新媒体,江苏
经验,深层契合
公共文化 ,新媒体
大学生,行为
营销 ,高校研究 
新媒体,赋能 
传统媒体 ,内容生产 
博物馆,媒体融合
新冠疫情,大数据
信息技术,新媒体
期刊,调查问卷
新媒体,传播策略
新媒体,体制
新媒体,大学生
政治传播,治理
变革,农村研究
直播 ,传播能力
中国科学院,期刊
新媒体,高校研究 
新媒体,媒体融合
新媒体,运营
期刊,专题策划
公共文化 ,传承
群体极化,回音室效应
新媒体,动画
品牌研究,浏览量
网络文化,规制
公共文化 ,新媒体
5G,速度体系
新媒体,新冠疫情
出版业,媒体融合
表情包,图像
思政教育,思想教育
公共文化 ,视觉设计
新媒体,途径分析
传统媒体,第四堵墙
新媒体,出版
企业社会责任,新媒体
期刊,营销
品牌研究,新媒体
灾害感知,中国
食用菌,短视频
新媒体,热词
全媒体,传播路径
新媒体,预测作用
数字反哺,老龄化
民族主义,舆论研究
新媒体,关系
新媒体,关系
美国中部地区,机遇
舆论研究,内容分析
期刊,编委会
互联网,新媒体
全媒体,媒体融合
新媒体,技术赋能
新媒体,新闻道德
品牌研究,网络文化
微博,潜在示能性
新媒体,专业职能
公共文化 ,传播策略
大学生,传播策略
营销 ,图书宣传 
新冠疫情,新媒体
新媒体,广告
思政教育,微信
公共文化 ,广告
期刊,传播策略
品牌研究,新媒体
大学生,评价指标
创新 ,意识形态 
短视频 ,传统文化 
高校研究 ,图书宣传 
教育 ,新媒体
意识形态 ,传播策略 
农村研究 ,新媒体
影响力 ,传统媒体 
另类 ,新媒体
新媒体,信息技术 
编辑 ,营销 
意识形态 ,新媒体
高校研究 ,意识形态 
新媒体,图书宣传 
短视频 ,深度伪造 
新媒体,微信 
公共文化 ,交互 
新媒体,舆论研究 
信息技术 ,传播策略 
农村研究 ,信息技术 
新媒体,舆论研究 
新媒体,媒体融合 
公共文化 ,学科建设 
传统媒体 ,交互 
新媒体,传统媒体 
新媒体,短视频 
舆论研究 ,新媒体
高校研究 ,意识形态 
新媒体,交互 
传统文化 ,话语权 
意识形态 ,挑战 
新媒体,问卷调查 
营销 ,新媒体
公共文化,新媒体
系统功能语言学,话语权 
挑战,思考
未成年人,教育
城市形象,短视频
公共文化,弥散
公共文化,新媒体
纪录片,突围
图书宣传,图书宣传
出版,出版
高校研究,图书宣传
教育,意识形态
意识形态,新媒体
传统媒体,舆论研究
意识形态,新特点
佛系,心理
传统文化,新媒体
受众,知识图谱
食用菌,营销
公共文化,价值
集群化,新媒体
景观,方案阐述
新媒体,涵化理论
高校研究,全媒体
内容生产,新媒体
内容生产,新媒体
电视剧,营销
新媒体,营销
VR,电影
教育,电影
治理,传统媒体
高校研究,舆论研究
图书宣传,新媒体
大学生,数字化
关联交易,IPO
大学生,主流媒体
新媒体,融合发展
传统媒体,电视
队伍建设,新媒体
新媒体,时尚
传统媒体,新媒体
新媒体,改革
传统文化,传播策略
高校研究,大学生
意识形态,政治
大学生,尺度
就业,新媒体
新媒体,新冠疫情
扶贫,现实问题
意识形态,话语权 
国家形象,整合传播
新媒体,微信 
意识形态,现实问题
新媒体,互联网
意识形态,传统文化 
舆论研究 ,媒体分析
新闻客户端,媒体融合 
年鉴,创新
大学生,舆论研究
媒体融合,媒体推广
传统文化,短视频
创新 ,意识形态
低俗化,道德重构
传统媒体,媒体融合 
图书宣传,头条
中国共产党,高校研究
信息监管,平台型媒体
微信公众号,教育
动画,跨文化
传统文化,创新
微信,期刊
传统文化,创新
信息碎片化,意识形态
互联网,营销
历史虚无主义,大学生
艺术,桦树
媒体传播,时空观
危机管理,方案阐述
高校研究,政治传播
云展览,博物馆
转播权,价值创造
少数民族,高校研究
媒体融合,传统媒体
媒介素养,教育
电影,农村研究
电影,媒介技术
海外传播,法语频道
旅游节目,创新
内容生产,中国新闻奖
网络文化,作家
艺术,互联网
传统文化,海外传播
现实问题,政治
高校研究,内容生产
体育,媒介技术
短视频 ,图书宣传
媒体融合,数字化
视觉传达,培养模式
纪录片,电影
公信力,微信 
短视频 ,营销
公共文化,社会情感
媒体传播,创新
期刊,互联网
艺术,审美
广告,互联网
传播策略,网络文化
公益,设计
设计,品牌研究
电视节目,话语权 
传统文化,微信
媒体传播,科学普及
内容生产,全民阅读
直播 ,传统媒体
政治,互联网
期刊,媒体融合 
广告,运营
体育,平台
媒体融合,人才
艺术,互联网
教育,创业
阶层固化,舆论研究
新媒体,阅读推广
期刊,健康科普
全媒体,新媒体
新媒体,产品开发
社会流瀑,新媒体
主流媒体,新媒体
档案,收集
意识形态,挑战及应对
文化符号,新媒体
政治传播,新媒体
数字技术,动态影像
新媒体,微信
平等权,新媒体
传统文化,边界对象
高校研究,舆论研究
新媒体,新闻传播研究
广播电视,新媒体
媒体融合,正能量
高质量发展,5G
新媒体,符号学
新媒体,5W模式
数字身份,外语学习
新媒体,传播策略
高校研究,教育
新媒体,科学普及
高校研究,意识形态
新媒体,高校研究
新媒体,品牌研究
新媒体,未成年人
大学生,文化自信
新媒体,媒介化
上海机器织布局,洋务运动
野生食用菌,渠道
新媒体,传播路径
数字阅读,5G
微信,新媒体
新媒体,期刊转型发展
网络文化,创作自由
新诗,诗性创作
信息披露,归因理论
大学生,意识形态
传统媒体,明星机制
新冠疫情,互联网
演化博弈,仿真分析
媒体融合,新媒体
新媒体,“沈农思政”
媒体融合,转型
新媒体,健康科普
微信,新媒体
互联网,营销 
影响,传统文化 
传统媒体,新媒体
传统文化,传播策略
意识形态,传播策略
信息扩散,时空分异
标志动态设计,动态图形设计
健康科普,新媒体
体育,发展困境
中国共产党,语用特征
新媒体,创作者
新媒体,营销渠道
新媒体,健康科普
公益传播,蚂蚁森林
网络文化,叙事特征
在线活动,行为
新媒体,新冠疫情
新媒体,行为
广播电视台,教育
新闻评论,《新京报快评》
图书馆,高校研究
媒体素养,自我效能感
新媒体,传播策略
新媒体,审美异化
家庭,关系
诠释包裹,情感
新媒体,网络文化
话语权,家庭伦理
新闻传播,机制创新
新媒体,奥运
传播疏导,新媒体
媒体融合,跨国企业
新媒体,期刊
图书宣传,场景
视觉传达,视觉信息
聚合新闻,科技传播
大学生,教育
赋权,消费者增权
华文媒体,新媒体
新媒体,雾霾报道
新媒体,科技传播
推送,专题
新媒体,影响力
大学生,文化认同
动画,传播策略
刑满释放人员,健康科普
大学生,意识形态
社会思潮,大学生
新媒体,周口广播电视台
农村研究 ,治理主体
治理,新冠疫情
数字化,新媒体
新媒体,评价
推送,供需协调
互联网,新媒体
智库信息传播,评价指标
新媒体,对外传播
生态,纪录片理论
微纪录片,传播
蹭热点,公共价值
互联网,舆论研究
公信力,传统媒体
浙江省,融媒体中心
技术逻辑,生态
高校研究,意识形态
意识形态,大学生
膳食营养,新媒体
话语权,大学生
新媒体,高校研究
图书宣传,媒体互动
互黑,媒体互动
新媒体,持续使用
新媒体,短视频
科技传播,评价指标
发展困境,传播政治经济学
社会心态,新媒体
体育,传播机制
媒体工作者,传统媒体
出版,微信
编辑,政治职能
媒体融合,聚合传播
健康科普,关系
线上线下融合,关系
亚文化,新媒体
传统媒体,新媒体
传统媒体,短视频
新媒体,传播路径
新媒体,微信
创新 ,中国共产党 
短视频 ,纪录片 
农村研究 ,赋能 
编辑 ,新媒体
高校研究 ,话语权 
短视频 ,信任危机 
新媒体,国际图联 
公共文化 ,新媒体
新媒体,传播策略 
信息技术 ,关系 
农村研究 ,扎根理论 
新媒体,电子商务 
新媒体,渠道研究 
公共文化 ,教育 
传统媒体 ,养老 
新媒体,互联网 
新媒体,媒体融合 
高校研究 ,话语权 
传统文化 ,体育 
意识形态 ,应对 
新媒体,创新 
营销 ,渠道研究
公共文化,微博
系统功能语言学,交互
挑战,新媒体
未成年人,传统媒体
城市形象,《广东一分钟》
公共文化,融合媒体
图书宣传,新媒体
出版,新媒体
教育,现实问题
意识形态,挑战
佛系,价值
传统文化,融合媒体
食用菌,渠道研究
公共文化,功能对象
集群化,知识服务
景观,新媒体
高校研究,教育
内容生产,数字劳工
电视剧,盈利
VR,体验
治理,新媒体
大学生,图书宣传
大学生,中国态度
传统媒体,新媒体
队伍建设,变革
新媒体,UGC
传统媒体,认知迭代
新媒体,问卷调查
意识形态,马来西亚
新媒体,学术
扶贫,对策
新媒体,微博
意识形态,期刊
意识形态,教育
新闻客户端,媒体互动
媒体融合,图书馆
传统文化,媒体融合 
传统媒体,媒体互动
信息监管,互联网 
动画,传播策略 
传统文化,传播策略
历史虚无主义,教育
媒体传播,场景化
云展览, 媒体传播
转播权,媒体实现
少数民族,政治传播
媒介素养,互联网 
电影,文化保护
电影,创新 
内容生产,叙事
网络文化,内容生产
艺术,教育
传统文化,传播策略
现实问题,中介效应
高校研究,创新
体育,创新
短视频 ,服务机制
纪录片,产业
公信力,创新
媒体传播,数字化
期刊,媒体融合
广告,媒体传播
传播策略,创新
公益,新冠疫情
设计,旅游
传统文化,定性分析
直播 ,媒体融合
期刊,平台
广告,大数据
体育,互联网 
教育,话语权 
阶层固化,自媒体
全媒体,品牌研究
新媒体,传统文化
社会流瀑,信息茧房
主流媒体,信息呈现
政治传播,新时代
数字技术,本体
新媒体,新华社
平等权,权力
传统文化,平台
高校研究,公共事件
广播电视,硬核
媒体融合,公共事件
高质量发展,大数据
新媒体,拟在场
新媒体,传播体系
高校研究,意识形态
新媒体,分类分析
新媒体,意识形态
新媒体,产品开发
新媒体,青少年
大学生,时代价值
新媒体,竞合框架
上海机器织布局,新媒体
野生食用菌,营销
数字阅读,编辑
微信,阅读习惯
网络文化,艺术
新诗,媒介化
信息披露,解释水平理论
传统媒体,偶像选秀节目
演化博弈,信息管理
媒体融合,时代表达
新媒体,微信
媒体融合,传统媒体
新媒体,传播策略
微信,影响力
互联网,互联网
传统文化,文化自信
信息扩散,新媒体
健康科普,微信
体育,传播策略
新媒体,网络文化
新媒体,结构方程模型
公益传播,意见领袖
在线活动,标签
新媒体,公共事件
广播电视台,融合发展
图书馆,新媒体
媒体素养,评价指标
家庭,新媒体
新媒体,变异
话语权,文化传承
新媒体,公共文化
媒体融合,新媒体
图书宣传,媒介素养
视觉传达,图像
赋权,技术赋权
华文媒体,挑战
新媒体,科学信息
新媒体,科学普及
推送,新媒体
新媒体,大数据
大学生,文化自信
动画,产业链
新媒体,直播
农村研究 ,治理
治理,新媒体
数字化,《柳叶刀》
新媒体,引文
推送,出版
智库信息传播,模糊DEA
生态,边界
蹭热点,法律伦理
公信力,媒体融合
浙江省,新媒体专业
技术逻辑,研究述评
高校研究,传播策略
意识形态,传播策略
新媒体,安全维护
互黑,拟人化
新媒体,沉浸理论
新媒体,《中国一分钟》
科技传播,微信
发展困境,人文价值
社会心态,情感
体育,传统文化
媒体工作者,新媒体
出版,新媒体
编辑,学术职能
媒体融合,江苏
传统媒体,深层契合
传统媒体,新媒体
新媒体,行为
新媒体,高校研究 
信息技术 ,赋能 
新媒体,内容生产 
公共文化,媒体融合
系统功能语言学,大数据
未成年人,新媒体
出版,调查问卷
教育,传播策略
意识形态,体制
佛系,大学生
治理,治理
传统媒体,农村研究
新媒体,传播能力
新媒体,期刊
媒体融合,高校研究 
体育,媒体融合
期刊,运营
全媒体,专题策划
新媒体,传承
社会流瀑,回音室效应
数字技术,动画
新媒体,浏览量
平等权,规制
传统文化,新媒体
广播电视,速度体系
媒体融合,新冠疫情
高质量发展,媒体融合
新媒体,图像
新媒体,思想教育
新媒体,视觉设计
大学生,途径分析
新媒体,第四堵墙
数字阅读,出版
信息披露,新媒体
微信,营销
互联网,新媒体
信息扩散,中国
新媒体,短视频
在线活动,热词
广播电视台,传播路径
媒体素养,预测作用
家庭,老龄化
新媒体,舆论研究
图书宣传,关系
赋权,关系
华文媒体,机遇
新媒体,内容分析
新媒体,编委会
动画,新媒体
新媒体,媒体融合
生态,技术赋能
浙江省,新闻道德
互黑,网络文化
新媒体,潜在示能性
编辑,专业职能
传统媒体,传播策略
新媒体,传播策略
新媒体,图书宣传 
系统功能语言学,新媒体
期刊,广告
新媒体,微信
新媒体,广告
微信,传播策略
互黑,新媒体
新媒体,评价指标
意识形态 ,中国共产党 
传统文化 ,纪录片 
新媒体,赋能 
营销 ,新媒体
意识形态 ,话语权 
深度伪造 ,信任危机 
微信 ,国际图联 
交互 ,新媒体
舆论研究 ,传播策略 
传播策略 ,关系 
信息技术 ,扎根理论 
舆论研究 ,电子商务 
媒体融合 ,渠道研究 
学科建设 ,教育 
交互 ,养老 
传统媒体 ,互联网 
短视频 ,媒体融合 
意识形态 ,话语权 
话语权 ,体育 
挑战 ,应对 
问卷调查 ,创新 
新媒体,渠道研究
新媒体,微博
话语权 ,交互
思考,新媒体
教育,传统媒体
短视频,《广东一分钟》
弥散,融合媒体
图书宣传,新媒体
出版,新媒体
意识形态,现实问题
新特点,挑战
心理,价值
新媒体,融合媒体
营销,渠道研究
价值,功能对象
新媒体,知识服务
方案阐述,新媒体
全媒体,教育
新媒体,数字劳工
营销,盈利
电影,体验
传统媒体,新媒体
数字化,图书宣传
主流媒体,中国态度
电视,新媒体
新媒体,变革
时尚,UGC
新媒体,认知迭代
改革,问卷调查
政治,马来西亚
新冠疫情,学术
现实问题,对策
微信 ,微博
现实问题,期刊
传统文化 ,教育
媒体融合 ,媒体互动
媒体推广,图书馆
短视频,媒体融合 
媒体融合 ,媒体互动
平台型媒体,互联网 
跨文化,传播策略 
创新,传播策略
大学生,教育
时空观,场景化
博物馆, 媒体传播
价值创造,媒体实现
高校研究,政治传播
教育,互联网 
农村研究,文化保护
媒介技术,创新 
中国新闻奖,叙事
作家,内容生产
互联网,教育
海外传播,传播策略
政治,中介效应
内容生产,创新
媒介技术,创新
图书宣传,服务机制
电影,产业
微信 ,创新
创新,数字化
互联网,媒体融合
互联网,媒体传播
网络文化,创新
设计,新冠疫情
品牌研究,旅游
微信,定性分析
传统媒体,媒体融合
媒体融合 ,平台
运营,大数据
平台,互联网 
创业,话语权 
舆论研究,自媒体
新媒体,品牌研究
产品开发,传统文化
新媒体,信息茧房
新媒体,信息呈现
新媒体,新时代
动态影像,本体
微信,新华社
新媒体,权力
边界对象,平台
舆论研究,公共事件
新媒体,硬核
正能量,公共事件
5G,大数据
符号学,拟在场
5W模式,传播体系
教育,意识形态
科学普及,分类分析
高校研究,意识形态
品牌研究,产品开发
未成年人,青少年
文化自信,时代价值
媒介化,竞合框架
洋务运动,新媒体
渠道,营销
5G,编辑
新媒体,阅读习惯
创作自由,艺术
诗性创作,媒介化
归因理论,解释水平理论
明星机制,偶像选秀节目
仿真分析,信息管理
新媒体,时代表达
“沈农思政”,微信
转型,传统媒体
健康科普,传播策略
新媒体,影响力
营销 ,互联网
传播策略,文化自信
时空分异,新媒体
新媒体,微信
发展困境,传播策略
营销渠道,网络文化
健康科普,结构方程模型
蚂蚁森林,意见领袖
行为,标签
新冠疫情,公共事件
教育,融合发展
高校研究,新媒体
自我效能感,评价指标
关系,新媒体
网络文化,变异
家庭伦理,文化传承
奥运,公共文化
跨国企业,新媒体
场景,媒介素养
视觉信息,图像
消费者增权,技术赋权
新媒体,挑战
雾霾报道,科学信息
科技传播,科学普及
专题,新媒体
影响力,大数据
文化认同,文化自信
传播策略,产业链
周口广播电视台,直播
治理主体,治理
新冠疫情,新媒体
新媒体,《柳叶刀》
评价,引文
供需协调,出版
评价指标,模糊DEA
纪录片理论,边界
公共价值,法律伦理
传统媒体,媒体融合
融媒体中心,新媒体专业
生态,研究述评
意识形态,传播策略
大学生,传播策略
高校研究,安全维护
媒体互动,拟人化
持续使用,沉浸理论
短视频,《中国一分钟》
评价指标,微信
传播政治经济学,人文价值
新媒体,情感
传播机制,传统文化
传统媒体,新媒体
微信,新媒体
政治职能,学术职能
聚合传播,江苏
新媒体,深层契合
短视频,新媒体
微信,行为
微信 ,高校研究 
传播策略 ,赋能 
短视频 ,内容生产 
新媒体,媒体融合
话语权 ,大数据
教育,新媒体
出版,调查问卷
意识形态,传播策略
新特点,体制
心理,大学生
传统媒体,治理
电视,农村研究
新冠疫情,传播能力
微信 ,期刊
媒体推广,高校研究 
媒介技术,媒体融合
互联网,运营
新媒体,专题策划
产品开发,传承
新媒体,回音室效应
动态影像,动画
微信,浏览量
新媒体,规制
边界对象,新媒体
新媒体,速度体系
正能量,新冠疫情
5G,媒体融合
符号学,图像
高校研究,思想教育
品牌研究,视觉设计
文化自信,途径分析
媒介化,第四堵墙
5G,出版
归因理论,新媒体
新媒体,营销
营销 ,新媒体
时空分异,中国
营销渠道,短视频
行为,热词
教育,传播路径
自我效能感,预测作用
关系,老龄化
网络文化,舆论研究
场景,关系
消费者增权,关系
新媒体,机遇
雾霾报道,内容分析
科技传播,编委会
传播策略,新媒体
周口广播电视台,媒体融合
纪录片理论,技术赋能
融媒体中心,新闻道德
媒体互动,网络文化
持续使用,潜在示能性
政治职能,专业职能
短视频,传播策略
微信,传播策略
微信 ,图书宣传 
话语权 ,新媒体
互联网,广告
高校研究,微信
品牌研究,广告
新媒体,传播策略
媒体互动,新媒体
微信,评价指标
国际图联 ,高校研究 
关系 ,赋能 
媒体融合 ,内容生产 
微博,媒体融合
交互,大数据
传统媒体,新媒体
新媒体,调查问卷
现实问题,传播策略
挑战,体制
价值,大学生
新媒体,治理
新媒体,农村研究
学术,传播能力
微博,期刊
图书馆,高校研究 
创新,媒体融合
媒体融合,运营
品牌研究,专题策划
传统文化,传承
信息茧房,回音室效应
本体,动画
新华社,浏览量
权力,规制
平台,新媒体
硬核,速度体系
公共事件,新冠疫情
大数据,媒体融合
拟在场,图像
意识形态,思想教育
产品开发,视觉设计
时代价值,途径分析
竞合框架,第四堵墙
编辑,出版
解释水平理论,新媒体
影响力,营销
互联网,新媒体
新媒体,中国
网络文化,短视频
标签,热词
融合发展,传播路径
评价指标,预测作用
新媒体,老龄化
变异,舆论研究
媒介素养,关系
技术赋权,关系
挑战,机遇
科学信息,内容分析
科学普及,编委会
产业链,新媒体
直播,媒体融合
边界,技术赋能
新媒体专业,新闻道德
拟人化,网络文化
沉浸理论,潜在示能性
学术职能,专业职能
新媒体,传播策略
行为,传播策略
国际图联 ,图书宣传 
交互,新媒体
媒体融合,广告
意识形态,微信
产品开发,广告
影响力,传播策略
拟人化,新媒体
行为,评价指标
高校研究 ,图书宣传 
大数据,新媒体
运营,广告
思想教育,微信
视觉设计,广告
营销,传播策略
网络文化,新媒体
传播策略,评价指标